DocNum,Year,Scale,Condition,MiningType,StateCounties,Final,Certified,Status,ModifiedDate,MineId,Latitude,Longitude,LocationAssurance,MineNames,Msha,Companies,Commodities,GeolocatedPointDescription,AvailableGeologicInfo,Remarks,Seams,SceneCount
300251,0.0,0.0,,,"VA, CARROLL",NO,NO,LEGACY DATA,08/18/2022 15:16:32,15197,36.704452,-80.518614,,CLINTON JACKSON QUARTZ PROPERTY,,UNKNOWN,QUARTZ,,,,VA | UNKNOWN 999,1
300252,0.0,0.0,,,"VA, CARROLL",NO,NO,LEGACY DATA,08/18/2022 15:18:29,15198,36.704452,-80.518614,,CLINTON JACKSON QUARTZ PROPERTY,,UNKNOWN,QUARTZ,,,,VA | UNKNOWN 999,1
300253,0.0,0.0,,,"VA, CARROLL",NO,NO,LEGACY DATA,08/18/2022 15:21:18,15199,36.704452,-80.518614,,CLINTON JACKSON QUARTZ PROPERTY,,UNKNOWN,QUARTZ,,,,VA | UNKNOWN 999,1
300649,,0.0,,SURFACE ONLY,"NH, SULLIVAN",NO,NO,LEGACY DATA,05/10/2019 13:51:25,15760,43.49029,-72.14333,,KIMBALL PROPERTY,,UNKNOWN,QUARTZ,,,,,1
300649,,0.0,,SURFACE ONLY,"NH, SULLIVAN",NO,NO,LEGACY DATA,05/10/2019 13:51:25,15761,43.49029,-72.14333,,HEIN PROPERTY,,UNKNOWN,QUARTZ,,,,,1
308383,1946.0,0.0,,UNDERGROUND ONLY,"PA, CUMBERLAND",NO,NO,LEGACY DATA,06/21/2017 06:25:19,25340,40.073064,-77.204725,,HUNTERS RUN & TOLAND PITS,,PHILADELPHIA CLAY CO,QUARTZITE,,,,PA | UNKNOWN 999,1
344643,1966.0,0.0,,SURFACE ONLY,"NY, FULTON",NO,NO,LEGACY DATA,09/13/2022 10:44:21,71863,43.172231,-74.255557,,WERNER PROSPECT #1,,UNKNOWN,QUARTZ,,,STATE PARK DOMAIN LEGACY GEO POINT DESC: NA,NY | UNKNOWN 999,1
344649,1966.0,0.0,,SURFACE ONLY,"NY, FULTON",NO,NO,LEGACY DATA,09/13/2022 10:44:21,71870,43.172231,-74.261946,,WERNER PROSPECT #2,,UNKNOWN,QUARTZ,,,STATE PARK DOMAIN LEGACY GEO POINT DESC: NA,NY | UNKNOWN 999,1
345305,,0.0,,SURFACE ONLY,"VA, CARROLL",NO,NO,LEGACY DATA,09/13/2022 10:44:21,72662,36.722507,-80.529725,,WEBB S L DEPOSIT,,WEBB S L,QUARTZ,,,PRIVATE DOMAIN LEGACY GEO POINT DESC: NA,VA | UNKNOWN 999,1
345518,,0.0,,UNDERGROUND ONLY,"VA, FLOYD",NO,NO,LEGACY DATA,09/13/2022 10:44:21,72875,36.708896,-80.468059,,QUESINBERRY R H DEPOSIT,,QUESINBERRY R H,QUARTZ,,,PRIVATE DOMAIN LEGACY GEO POINT DESC: NA,VA | UNKNOWN 999,1
345542,,0.0,,SURFACE ONLY,"VA, FLOYD",NO,NO,LEGACY DATA,09/13/2022 10:44:21,72899,36.835007,-80.489725,,MAYBERRY M A DEPOSIT,,MAYBERRY M A,QUARTZ,,,PRIVATE DOMAIN LEGACY GEO POINT DESC: NA,VA | UNKNOWN 999,1
346437,,0.0,,SURFACE ONLY,"VA, SPOTSYLVANIA",NO,NO,LEGACY DATA,09/13/2022 10:45:12,73799,38.080285,-77.713336,,WARE LEWIS FARM OCCURRENCE,,WARE LEWIS,QUARTZ,,,PRIVATE DOMAIN LEGACY GEO POINT DESC: NA,VA | UNKNOWN 999,1
346442,1943.0,0.0,,SURFACE ONLY,"VA, WYTHE",NO,NO,LEGACY DATA,09/13/2022 10:45:12,73804,36.899174,-81.101115,,SAND MOUNTAIN SAND CORP QUARRY,,SAND MOUNTAIN SAND CORP,QUARTZ,,,PRIVATE DOMAIN LEGACY GEO POINT DESC: NA,VA | UNKNOWN 999,1
346443,1945.0,0.0,,SURFACE ONLY,"VA, ROCKBRIDGE",NO,NO,LEGACY DATA,09/13/2022 10:45:12,73805,37.565563,-79.471392,,ARNOLDS VALLEY SILICA,,MATHEW & CURTIS CO,QUARTZ,,,PRIVATE DOMAIN LEGACY GEO POINT DESC: NA,VA | UNKNOWN 999,1
349256,1942.0,0.0,,SURFACE ONLY,"VA, CAMPBELL",NO,NO,LEGACY DATA,06/21/2017 17:29:51,76856,37.365285,-79.040836,,PIEDMONT,,UNKNOWN,QUARTZITE,,,REFER TO DOC NO 349255:SHOWS OXFORD & JOSEPHINE SHAFT:FIGURE 2 LEGACY GEO POINT DESC: NA,VA | UNKNOWN 999,1
349257,1942.0,0.0,,COMBINED SURFACE & UNDERGROUND,"VA, CAMPBELL",NO,NO,LEGACY DATA,06/21/2017 17:29:52,76857,37.229174,-79.269725,,SAUNDERS,,UNKNOWN,QUARTZITE,,,LOCATION FROM 349255:4 SHEETS LEGACY GEO POINT DESC: NA,VA | UNKNOWN 999,4
349259,,0.0,,,"VA, CAMPBELL",NO,NO,LEGACY DATA,06/21/2017 17:29:54,76859,37.229174,-79.269725,,SAUNDERS TEST PIT 1 2 & 3,,UNKNOWN,QUARTZITE,,,LOCATION FROM 349255 LEGACY GEO POINT DESC: NA,VA | UNKNOWN 999,1
349261,,0.0,,COMBINED SURFACE & UNDERGROUND,"VA, CAMPBELL",NO,NO,LEGACY DATA,06/21/2017 17:29:56,76861,37.229174,-79.269725,,SAUNDERS,,UNKNOWN,QUARTZITE,,,LOCATION FROM 349255 LEGACY GEO POINT DESC: NA,VA | UNKNOWN 999,1
349262,1942.0,0.0,,SURFACE ONLY,"VA, CAMPBELL",NO,NO,LEGACY DATA,06/21/2017 17:29:57,76862,37.365285,-79.040836,,PIEDMONT,,UNKNOWN,QUARTZITE,,,SHOWS UNDERGROUND LEVELS OF OXFORD & JOSEPHINE SHAFTS:REFER TO DOC NO LEGACY GEO POINT DESC: NA,VA | UNKNOWN 999,1
349263,,0.0,,SURFACE ONLY,"VA, CAMPBELL",NO,NO,LEGACY DATA,06/21/2017 17:29:58,76863,37.365285,-79.040836,,PIEDMONT,,UNKNOWN,QUARTZITE,,,LEVEL MAP SHOWING OXFORD & JOSEPHINE SHAFTS:REFER TO DOC NO 349225 LEGACY GEO POINT DESC: NA,VA | UNKNOWN 999,1
349264,,0.0,,SURFACE ONLY,"VA, CAMPBELL",NO,NO,LEGACY DATA,06/21/2017 17:29:59,76864,37.365285,-79.040836,,PIEDMONT,,PIEDMONT MANGANESE CORP,QUARTZITE,,,SHEET NOS 2-3 & 4:REFER TO DOC NO 349225 LEGACY GEO POINT DESC: NA,VA | UNKNOWN 999,3
349265,,0.0,,UNDERGROUND ONLY,"VA, CAMPBELL",NO,NO,LEGACY DATA,06/21/2017 17:30:00,76865,37.365285,-79.040836,,JOSEPHINE SHAFT,,PIEDMONT MAGANESE CORP,QUARTZITE,,,REFER TO DOC NO 349225 LEGACY GEO POINT DESC: NA,VA | UNKNOWN 999,1
349266,1944.0,0.0,,SURFACE ONLY,"VA, CAMPBELL",NO,NO,LEGACY DATA,06/21/2017 17:30:01,76866,37.365285,-79.040836,,PIEDMONT PROJECT #342,,UNKNOWN,QUARTZITE,,,REFER TO DOC NO 349225:FIGURE 2 LEGACY GEO POINT DESC: NA,VA | UNKNOWN 999,1
349267,,0.0,,SURFACE ONLY,"VA, CAMPBELL",NO,NO,LEGACY DATA,06/21/2017 17:30:02,76867,37.365285,-79.040836,,PIEDMONT,,UNKNOWN,QUARTZITE,,,SHEETS 7-9-10 & 11:SHOWS PLAN & SECTION OF TEST PITS 1 & 2:ALSO DRILL LEGACY GEO POINT DESC: NA,VA | UNKNOWN 999,1
349269,,0.0,,SURFACE ONLY,"VA, CAMPBELL",NO,NO,LEGACY DATA,06/21/2017 17:30:03,76871,37.403063,-79.147225,,PIEDMONT,,UNKNOWN,QUARTZITE,,,MAP SHOWS DRILL HOLE NO 3 WITH PROJECTIONS OF DRILL HOLES NOS 1 & 2 LEGACY GEO POINT DESC: NA,VA | UNKNOWN 999,1
349270,,0.0,,SURFACE ONLY,"VA, CAMPBELL",NO,NO,LEGACY DATA,06/21/2017 17:30:04,76872,37.403063,-79.147225,,PIEDMONT,,UNKNOWN,QUARTZITE,,,MAP SHOWS SECTION OF DIAMOND DRILL HOLE NO 5 LEGACY GEO POINT DESC: NA,VA | UNKNOWN 999,1
349271,,0.0,,SURFACE ONLY,"VA, CAMPBELL",NO,NO,LEGACY DATA,06/21/2017 17:30:05,76873,37.403063,-79.147225,,PIEDMONT,,UNKNOWN,QUARTZITE,,,MAP SHOWS PLAN & SECTION OF TEST PITS 1 & 2 LEGACY GEO POINT DESC: NA,VA | UNKNOWN 999,1
349276,,0.0,,,"VA, NELSON",NO,NO,LEGACY DATA,06/21/2017 17:30:10,76879,37.693341,-78.731669,,CABELL TEST PIT #1 2 3 & 4,,UNKNOWN,QUARTZITE,,,ALSO SHOWS MAP OF TUNNEL NO 1 LEGACY GEO POINT DESC: NA,VA | UNKNOWN 999,1
349981,1964.0,0.0,,UNDERGROUND ONLY,"GA, WILKES",NO,NO,LEGACY DATA,06/21/2017 17:41:38,77901,33.703062,-82.812782,,STONEY RIDGE GOLD,,UNKNOWN,QUARTZITE,,,,GA | UNKNOWN 999,1
350003,1964.0,0.0,,UNDERGROUND ONLY,"GA, TOWNS",NO,NO,LEGACY DATA,06/21/2017 17:41:59,77924,34.957229,-83.732226,,BELL MOUNTAIN,,UNKNOWN,QUARTZITE,,,,GA | UNKNOWN 999,1
350019,1959.0,0.0,,UNDERGROUND ONLY,"GA, LINCOLN",NO,NO,LEGACY DATA,06/21/2017 17:42:15,77941,33.73834,-82.532781,,GRAVES MOUNTAIN,,UNKNOWN,QUARTZITE,,,,GA | UNKNOWN 999,1
350245,1934.0,0.0,,UNDERGROUND ONLY,"GA, LUMPKIN",NO,NO,LEGACY DATA,06/21/2017 17:45:55,78215,34.536951,-83.969171,,CONSOLIDATED,,UNKNOWN,QUARTZ,,,EST LOCATION FROM LAT & LONG LEGACY GEO POINT DESC: NA,GA | UNKNOWN 999,2
350245,1934.0,0.0,,UNDERGROUND ONLY,"GA, LUMPKIN",NO,NO,LEGACY DATA,06/21/2017 17:45:55,78216,34.528062,-83.963337,,LOCKHART,,UNKNOWN,QUARTZ,,,EST LOCATION FROM LAT & LONG LEGACY GEO POINT DESC: NA,GA | UNKNOWN 999,2
385083,1961.0,0.0,,UNDERGROUND ONLY,"MI, MARQUETTE",NO,NO,LEGACY DATA,06/22/2017 03:19:03,120284,38.499174,-86.82695,,CHAMPION,,NORTH RANGE MINING CO,QUARTZ,,,LOCATED AT CHAMPION MICHIGAN-SECTION 31-TWP 48 NORTH - RANGE 21 WEST LEGACY GEO POINT DESC: NA,MI | UNKNOWN 999,3
386380,1957.0,0.0,,COMBINED SURFACE & UNDERGROUND,"NM, SANTA FE",NO,NO,LEGACY DATA,06/22/2017 03:40:39,121959,35.506509,-105.97654478,LOW CONFIDENCE,ORTIZ,,POTTER & SIMS,QUARTZ,CENTER POINT OF LARGE AREA,,BASE MAP-ORTIZ STOCK MINE SHAFTS SHOWN ONLY-NO MINE WORKINGS. LEGACY GEO POINT DESC: NA MINE WAS MISSING COORDINATES: USED COUNTY CENTER,NM | UNKNOWN 999,1
386380,1957.0,0.0,,COMBINED SURFACE & UNDERGROUND,"NM, SANTA FE",NO,NO,LEGACY DATA,06/22/2017 03:40:39,121960,35.506509,-105.97654478,LOW CONFIDENCE,GOOD FRIDAY OPEN PIT,,POTTER & SIMS,QUARTZ,CENTER POINT OF LARGE AREA,,BASE MAP-ORTIZ STOCK MINE SHAFTS SHOWN ONLY-NO MINE WORKINGS. LEGACY GEO POINT DESC: NA MINE WAS MISSING COORDINATES: USED COUNTY CENTER,NM | UNKNOWN 999,1
386380,1957.0,0.0,,COMBINED SURFACE & UNDERGROUND,"NM, SANTA FE",NO,NO,LEGACY DATA,06/22/2017 03:40:39,121961,35.506509,-105.97654478,LOW CONFIDENCE,ENGLISH,,POTTER & SIMS,QUARTZ,CENTER POINT OF LARGE AREA,,BASE MAP-ORTIZ STOCK MINE SHAFTS SHOWN ONLY-NO MINE WORKINGS. LEGACY GEO POINT DESC: NA MINE WAS MISSING COORDINATES: USED COUNTY CENTER,NM | UNKNOWN 999,1
386380,1957.0,0.0,,COMBINED SURFACE & UNDERGROUND,"NM, SANTA FE",NO,NO,LEGACY DATA,06/22/2017 03:40:39,121962,35.506509,-105.97654478,LOW CONFIDENCE,BENTON,,POTTER & SIMS,QUARTZ,CENTER POINT OF LARGE AREA,,BASE MAP-ORTIZ STOCK MINE SHAFTS SHOWN ONLY-NO MINE WORKINGS. LEGACY GEO POINT DESC: NA MINE WAS MISSING COORDINATES: USED COUNTY CENTER,NM | UNKNOWN 999,1
386380,1957.0,0.0,,COMBINED SURFACE & UNDERGROUND,"NM, SANTA FE",NO,NO,LEGACY DATA,06/22/2017 03:40:39,121963,35.506509,-105.97654478,LOW CONFIDENCE,SHOSHONE SHAFT,,POTTER & SIMS,QUARTZ,CENTER POINT OF LARGE AREA,,BASE MAP-ORTIZ STOCK MINE SHAFTS SHOWN ONLY-NO MINE WORKINGS. LEGACY GEO POINT DESC: NA MINE WAS MISSING COORDINATES: USED COUNTY CENTER,NM | UNKNOWN 999,1
386380,1957.0,0.0,,COMBINED SURFACE & UNDERGROUND,"NM, SANTA FE",NO,NO,LEGACY DATA,06/22/2017 03:40:39,121964,35.506509,-105.97654478,LOW CONFIDENCE,FLORENCIO,,POTTER & SIMS,QUARTZ,CENTER POINT OF LARGE AREA,,BASE MAP-ORTIZ STOCK MINE SHAFTS SHOWN ONLY-NO MINE WORKINGS. LEGACY GEO POINT DESC: NA MINE WAS MISSING COORDINATES: USED COUNTY CENTER,NM | UNKNOWN 999,1
386382,,0.0,,UNDERGROUND ONLY,"NM, SANTA FE",NO,NO,LEGACY DATA,06/22/2017 03:40:41,121968,35.506509,-105.97654478,LOW CONFIDENCE,DOLORES TUNNEL,,POTTER & SIMS,QUARTZ,CENTER POINT OF LARGE AREA,,CUNNINGHAM HILL AREA-ORTIZ MINE GRANT. LEGACY GEO POINT DESC: NA MINE WAS MISSING COORDINATES: USED COUNTY CENTER,NM | UNKNOWN 999,1
386382,,0.0,,UNDERGROUND ONLY,"NM, SANTA FE",NO,NO,LEGACY DATA,06/22/2017 03:40:41,121969,35.506509,-105.97654478,LOW CONFIDENCE,LOWER & UPPER WAGON TUNNEL,,POTTER & SIMS,QUARTZ,CENTER POINT OF LARGE AREA,,CUNNINGHAM HILL AREA-ORTIZ MINE GRANT. LEGACY GEO POINT DESC: NA MINE WAS MISSING COORDINATES: USED COUNTY CENTER,NM | UNKNOWN 999,1
386382,,0.0,,UNDERGROUND ONLY,"NM, SANTA FE",NO,NO,LEGACY DATA,06/22/2017 03:40:41,121970,35.506509,-105.97654478,LOW CONFIDENCE,SOUTH TUNNEL,,POTTER & SIMS,QUARTZ,CENTER POINT OF LARGE AREA,,CUNNINGHAM HILL AREA-ORTIZ MINE GRANT. LEGACY GEO POINT DESC: NA MINE WAS MISSING COORDINATES: USED COUNTY CENTER,NM | UNKNOWN 999,1
386951,1946.0,20.0,GOOD,UNDERGROUND ONLY,"AK, SKAGWAY-YAKUTAT-ANGO",YES,NO,LEGACY DATA,10/03/2017 14:02:08,122932,58.125837,-134.753076,HIGH CONFIDENCE,HAWK INLET,,ALASKA EMPIRE GOLD MINING CO,QUARTZ,,"ASSAYS,DRILL HOLES",ALASKA DOES NOT USE COUNTY NAMES BUT RATHER BOROUGHS AND GEOGRAPHICAL CENSUS AREAS-GEOLOGIC SKETCH OF UPPER ALASKA RAND GROUP AT HAWK INLET ADMIRALTY ISLAND ALASKA-SHOWS PLAN OF #1 TUNNEL AND SURFACE MILL OF HAWK INLET-MINE IS ON THE JUNEAU A-3 QUADRANGLE LEGACY GEO POINT DESC: ,,3
386952,1958.0,,GOOD,UNDERGROUND ONLY,"AK, SKAGWAY-YAKUTAT-ANGO",YES,NO,LEGACY DATA,10/03/2017 14:02:31,122933,58.256393,-134.895854,MEDIUM CONFIDENCE,FUNTER BAY,,ADMIRALTY ALASKA GOLD MINING CO,QUARTZ,,DRILL HOLES,SHOWS MULTIPLE TUNNELS-ALASKA DOES NOT USE COUNTY NAMES BUT RATHER BOROUGHS & GEOGRAPHICAL CENSUS AREAS. MINE IS ON THE JUNEAU B-3 SW QUADRANGLE LEGACY GEO POINT DESC: ,,4
386953,1958.0,80.0,GOOD,UNDERGROUND ONLY,"AK, SKAGWAY-YAKUTAT-ANGO",YES,NO,LEGACY DATA,10/03/2017 14:02:46,122934,58.256393,-134.895854,MEDIUM CONFIDENCE,FUNTER BAY SECTION A A,,ADMIRALTY GOLD MIING CO,QUARTZ,,,MAIN TUNNELS CROSS SECTION-ALASKA DOES NOT USE COUNTY NAMES RATHER BOROUGHS & CENSES AREA. MINE LOCATED ON THE JUNEAU B-3 SW QUADRANGLE LEGACY GEO POINT DESC: ,,4
386954,1958.0,100.0,GOOD,UNDERGROUND ONLY,"AK, SKAGWAY-YAKUTAT-ANGO",NO,NO,LEGACY DATA,10/03/2017 14:03:04,122935,58.256393,-134.895854,HIGH CONFIDENCE,FUNTER BAY MAIL TUNNEL,,ADMIRALTY ALASKA GOLD MINING CO,"DIORITE, QUARTZ",,,ALASKA DOES NOT USE COUNTY NAMES BUT RATHER BOROUGH & GEOGRAPHIC CENSES AREAS. MINE LOCATED ON THE JUNEAU B-3-SW QUADRANGLE MAP. LEGACY GEO POINT DESC: ,,4
386954,1958.0,100.0,GOOD,UNDERGROUND ONLY,"AK, SKAGWAY-YAKUTAT-ANGO",NO,NO,LEGACY DATA,10/03/2017 14:03:04,122936,58.25639,-134.89585,MEDIUM CONFIDENCE,FUNTER BAY MAIN TUNNEL,,ADMIRALTY ALASKA GOLD MINING CO,"DIORITE, QUARTZ",,,ALASKA DOES NOT USE COUNTY NAMES BUR TATHER BOROUGH AND GEOGRAPHIC CENSES AREAS. LEGACY GEO POINT DESC: ,,4
386959,1985.0,,GOOD,UNDERGROUND ONLY,"AK, JUNEAU",YES,NO,LEGACY DATA,05/24/2018 11:23:04,122942,58.30195,-134.41974,MEDIUM CONFIDENCE,ALASKA JUNEAU,00-00000,ALASKA JUNEAU MINING CO,QUARTZ,,"COMMODITY ELEVATION,COMMODITY THICKNESS",6TH LEVEL DEEP NORTH OREBODY-CENTRAL SHAFT & EBNER MANWAY SHOWN ON MINE MAP. NO COUNTIES IN ALASKA-JUNEAU IA A BOROUGH LEGACY GEO POINT DESC: ,,1
386960,1985.0,80.0,GOOD,UNDERGROUND ONLY,"AK, JUNEAU",YES,NO,LEGACY DATA,10/03/2017 14:09:05,122944,58.30195,-134.41974,MEDIUM CONFIDENCE,ALASKA JUNEAU,00-00000,ALASKA JUNEAU MINING CO,QUARTZ,,ASSAYS,CENTRAL SHAFT NO 8 MANWAY IS SHOWN ON MAP-SILVER BOW FAULT ZONE ALSO SHOWN ON MINE MAP.THERE ARE NO COUNTY NAMES IN ALASKA-JUNEAU IS A BOROUGH NAME LEGACY GEO POINT DESC: ,,1
386961,,,GOOD,UNDERGROUND ONLY,"AK, JUNEAU",YES,NO,LEGACY DATA,10/03/2017 14:09:51,122945,58.301949,-134.419743,MEDIUM CONFIDENCE,PERSEVERANCE,,ALASKA JUNEAU MINING CO,QUARTZ,,,MINE LOCATED ON GOLD CREEK ALASKA. THE ALEXANDER & ICY GULCH CROSS CUTS ARE SHOWN ON MAP. MULTIPLE LEVELS ALSO SHOWN ON MAP.NO COUNTY NAMES IN ALASKA-JUNEAU IS A BOROUGH-MINE CAMP IS ALSO SHOWN ON THIS MAP. LEGACY GEO POINT DESC: ,,2
386964,,600.0,POOR,UNDERGROUND ONLY,"AK, JUNEAU",YES,NO,LEGACY DATA,10/03/2017 14:12:08,122948,58.27556,-134.392521,MEDIUM CONFIDENCE,READY BULLION,,ALASKA UNITED GOLD MINING CO,QUARTZ,,,GENERAL MINE MAP-MULTI LEVELS SHOWN-NO COUNTY NAMES IN ALASKA-NAMES ARE BOROUGHS OR CENSUS AREAS. LEGACY GEO POINT DESC: ,,1
386965,,1000.0,GOOD,SURFACE ONLY,"AK, JUNEAU",YES,NO,LEGACY DATA,10/03/2017 14:12:27,122951,58.27556,-134.392521,MEDIUM CONFIDENCE,TREADWELL MINING AREA MAP,,UNKNOWN,QUARTZ,,,MAP SHOWS MINE LOCATIONS OF MINERAL QUEEN-READY BULLI0N-MEXICAN & BELVEDERE MINES. PORTLAN-YAKLIMA-MEXICAN MINE PITS-CENTRAL AND COMBINATIONSHAFTS-TREADWELL MINE-BEARS NEST-JERSEY MINE-SOUGLAS ISLAND MINE-GREAT EASTERN MINE-JUMBO & SKOOKUM CHIEF MINES ALL SHOWN ON MAP. ALASKA DOES NOT USE COUNTY NAMES BU RATHER BOROUGH OR CENSUS AREAS. LEGACY GEO POINT DESC: ,,1
386966,,,GOOD,UNDERGROUND ONLY,"AK, JUNEAU",YES,NO,LEGACY DATA,10/03/2017 14:12:41,122952,,,,IVANHOE,,MELLEN MINING CO,"BASALT, QUARTZ",,,UNKNOWN LOCATION-JUNEAU MINIG DISTRICT-JUNEAU IS A BOROUGH LEGACY GEO POINT DESC: ,,1
386967,,,GOOD,,"CA, PLUMAS",NO,NO,LEGACY DATA,06/22/2017 03:49:57,122953,40.3221,-121.2071,,JULIAN AREA,,UNKNOWN,QUARTZ,,"COMMODITY ELEVATION,CROSS-SECTION",NEAR JOHNSON CREEK LEGACY GEO POINT DESC: ,,1
386968,,,GOOD,UNDERGROUND ONLY,"AK, ALEUTIANS EAST/AK, ALEUTIANS WEST",YES,NO,LEGACY DATA,10/03/2017 14:13:15,122954,,,,COMET,,UNKNOWN,"QUARTZ, UNKNOWN",,,LONGITUDINAL SECTION-CROSS SECTION MULTI LEVELS SHOWN ON MINE MAP. JUNEAU IS A BOROUGH LEGACY GEO POINT DESC: ,,1
386969,1928.0,,POOR,UNDERGROUND ONLY,"AK, JUNEAU",YES,NO,LEGACY DATA,10/03/2017 14:13:40,122955,,,,JUALIN ADIT LEVEL,,UNKNOWN,"DIORITE, QUARTZ",,,SOUTHERN EXTENSION OF JUALIN ORE BODY SHOWN ON MINE MAP-JUNEAU IS A BOROUGH LEGACY GEO POINT DESC: ,,1
386970,,10.0,GOOD,UNDERGROUND ONLY,"AK, FAIRBANKS NORTH STAR",YES,NO,LEGACY DATA,10/03/2017 14:14:07,122956,64.873057,-148.029748,HIGH CONFIDENCE,CLIPPER GOLD,,UNKNOWN,"GOLD, QUARTZ",,ASSAYS,GEOLOGIC MINE MAP-FAIRBANKS MIING DISTRICT-MULTIPLE COMMODITIES MINED AS NOTED IN MINE MAP LEGEND. LOCATION FROM TOPO-ZONE-MINE LOCATED ON EVA CREEK-FAIRBANKS IS A BOROUGH LEGACY GEO POINT DESC: ,,3
386972,1981.0,,GOOD,SURFACE ONLY,"AK, SITKA",YES,NO,LEGACY DATA,10/03/2017 14:14:53,122958,57.67389,-136.10974,HIGH CONFIDENCE,CHICHAGOFF,00-00000,UNKNOWN,QUARTZ,,,AT DOOLTH MOUNTAIN-KLAG BAY & KIMSHAN COVE-SITKA IS A BOROUGH LEGACY GEO POINT DESC: ,,1
386979,,80.0,GOOD,UNDERGROUND ONLY,"AK, JUNEAU",YES,NO,LEGACY DATA,10/03/2017 14:16:58,122965,,,,CRYSTAL,,UNKNOWN,QUARTZ,,ASSAYS, LEGACY GEO POINT DESC: ,,1
401020,1951.0,0.0,,UNDERGROUND ONLY,"CO, LARIMER",NO,NO,LEGACY DATA,05/10/2019 13:51:25,136737,40.48556,-105.38334,,HIDE AWAY & HIDE ABOVE PEG CLAI,,FRANDSON WILD & WILD,"FELDSPAR, QUARTZ, MICA",,,BERYL IN PEGMATITE-NO MINE-NO MAPS SOURCE CODE WAS ENTERED AS GOLDEN C LEGACY GEO POINT DESC: NA,CO | UNKNOWN 999,1
401020,1951.0,0.0,,UNDERGROUND ONLY,"CO, LARIMER",NO,NO,LEGACY DATA,05/10/2019 13:51:25,136738,40.48556,-105.38334,,HIDE AWAY & HIDE ABOVE PEG CLAI,,DEFENSE MINING,"FELDSPAR, QUARTZ, MICA",,,BERYL IN PEGMATITE-NO MINE-NO MAPS SOURCE CODE WAS ENTERED AS GOLDEN C LEGACY GEO POINT DESC: NA,CO | UNKNOWN 999,1
405064,1958.0,,FAIR,UNDERGROUND ONLY,"CO, CLEAR CREEK",NO,NO,LEGACY DATA,06/22/2017 07:13:13,143958,39.74334,-105.603705,MEDIUM CONFIDENCE,OLD STAG,,UNKNOWN,"GOLD, LEAD, QUARTZ",MINE PORTAL,"COMMODITY ELEVATION,CROSS-SECTION", LEGACY GEO POINT DESC: ,,17
408490,1903.0,60.0,,UNDERGROUND ONLY,"CO, UNKNOWN",NO,NO,LEGACY DATA,07/25/2019 17:05:12,146678,38.9985316,-105.54782112,LOW CONFIDENCE,NORTH STAR,,UNKNOWN,"GALENA, PYRITES, QUARTZ",CENTER POINT OF LARGE AREA,,REPORT WITH XSECTION OF BLUE PRINT OF MINE LEGACY GEO POINT DESC:  MINE WAS MISSING COORDINATES: USED STATE CENTER,CO | UNKNOWN 999,7
423289,1931.0,0.0,,CLAIM ONLY,"CO, LAKE",NO,NO,LEGACY DATA,06/17/2019 16:21:58,158517,39.204173,-106.273899,,LEADVILLE,,LEADVILLE DEEP MINES,QUARTZ,,,MAP COVERING VERY LARGE AREA SOURCE WAS ENTERED AS CO GEOLO LEGACY GEO POINT DESC: NA,CO | UNKNOWN 999,4
429202,1899.0,300.0,GOOD,LOCATION ONLY,"NM, GRANT",NO,NO,LEGACY DATA,02/22/2019 10:49:56,165594,32.82158,-109.0018,,NEW YEARS GIFT CONSOLIDATED QUARTZ MINING GROUP,,STEEPLE ROCK DEVELOPMENT,"GOLD, PYRITES, QUARTZ",,, LEGACY GEO POINT DESC: ,NM | UNKNOWN 999,1
430144,1904.0,,FAIR,COMBINED SURFACE & UNDERGROUND,"OR, JOSEPHINE",NO,NO,LEGACY DATA,06/22/2017 11:26:12,166782,42.43889,-123.32833,,LOCATIONS SOUTHERN OREGON,,FOSTER & GUNNELL,"COAL BITUMINOUS, COPPER, GOLD, QUARTZ",POPULATED PLACE,COMMODITY ELEVATION,"PLACER DEPOSITS, (Q)=QUARTZ, (GC)=GOLD AND COPPER. LEGACY GEO POINT DESC: GRANTS PASS, OR",,1
430155,1926.0,0.25,GOOD,COMBINED SURFACE & UNDERGROUND,"OR, JOSEPHINE",NO,NO,LEGACY DATA,06/22/2017 11:26:24,166823,42.43888888888888,-123.32833333333332,,PROPERTY MAP,,L A LEWIS & COLUMBIA MINES,"GOLD, QUARTZ",POPULATED PLACE,," LEGACY GEO POINT DESC: GRANTS PASS, OR",,1
430155,1926.0,0.25,GOOD,COMBINED SURFACE & UNDERGROUND,"OR, JOSEPHINE",NO,NO,LEGACY DATA,06/22/2017 11:26:24,166824,42.4388888888889,-123.328333333333,,GREENBACK GOLD MINING CO,,L A LEWIS & COLUMBIA MINES,"GOLD, QUARTZ",POPULATED PLACE,," LEGACY GEO POINT DESC: GRANTS PASS, OR",,1
430443,1919.0,50.0,FAIR,UNDERGROUND ONLY,"CO, SAN JUAN",YES,NO,LEGACY DATA,06/22/2017 11:30:55,167111,37.890557,-107.648404,,GOLD KING FIRST SECOND LEVELS,,UNKNOWN,"GOLD, QUARTZ",CENTER POINT OF LARGE AREA,"COMMODITY ELEVATION,COMMODITY OUTCROP,CROSS-SECTION","1ST AND 2ND LEVELS GOLD KING MINE FLAT, BABY VEINS LEGACY GEO POINT DESC: GOLD KING MINE, SAN JUAN COUNTY 
(GNIS)",,2
430452,1966.0,20.0,GOOD,UNDERGROUND ONLY,"CO, SAN JUAN",YES,NO,LEGACY DATA,06/22/2017 11:31:04,167120,37.903062,-107.611955,HIGH CONFIDENCE,SUNNYSIDE,,STANDARD METALS CORP,"FLUORITE, GOLD, QUARTZ, SILVER",MINE CENTER,"ASSAYS,CROSS-SECTION,DRILL HOLES,MINE WATER",ASSAY PLANS AMERICAN TUNNEL LEVEL LEGACY GEO POINT DESC: SUNNYSIDE MINE,,6
432091,1940.0,200.0,FAIR,UNDERGROUND ONLY,"CO, CLEAR CREEK",NO,NO,LEGACY DATA,02/08/2019 13:25:24,168896,39.74055555555556,-105.59138888888889,HIGH CONFIDENCE,LAMARTINE DISTRICT,,UNKNOWN,"GALENA, GOLD, PYRITES, QUARTZ",,,"FREELAND-TOLEDO VEIN
LOOKING NORTH LEGACY GEO POINT DESC: ",,1
500013,1943.0,0.0,,SURFACE ONLY,"CA, CALAVERAS",NO,NO,LEGACY DATA,12/01/2011 00:00:00,171857,38.268061,-120.708346,HIGH CONFIDENCE,ROUGH DIAMOND PLACER,,UNKNOWN,"GOLD, QUARTZ",,,FOR ADDITIONAL DEPOSIT INFORMATION:SEE MILS SEQUENCE NUMBER 0060090315-REEL NO M-7 FRAME 193 THROUGH 194 LEGACY GEO POINT DESC: ORE BODY,CA | UNKNOWN 999,2
502852,1947.0,,FAIR,UNDERGROUND ONLY,"WA, OKANOGAN",YES,NO,LEGACY DATA,04/12/2016 00:00:00,174846,48.9799522,-120.3759363,,SHEEP MOUNTAIN,,UNKNOWN,QUARTZ,PUBLIC LAND SURVEY SYSTEM DATA,, LEGACY GEO POINT DESC: CENTER OF SECTION,,3
503017,1950.0,0.0,,UNDERGROUND ONLY,"WA, SNOHOMISH",YES,NO,LEGACY DATA,01/16/2013 00:00:00,175014,48.04609534,-121.72234674,LOW CONFIDENCE,LAKE SERENE,,UNKNOWN,QUARTZ,CENTER POINT OF LARGE AREA,,FINAL MINING INFORMATION-REEL M-19 FRAME NOS 430-431-526 LEGACY GEO POINT DESC: NA MINE WAS MISSING COORDINATES: USED COUNTY CENTER,WA | UNKNOWN 999,3
503375,0.0,,FAIR,LOCATION ONLY,"OR, WHEELER",NO,NO,LEGACY DATA,02/01/2022 15:23:02,175421,44.461697,-119.793604,HIGH CONFIDENCE,ANTONE,,UNKNOWN,QUARTZ,,,M-10 - FR 224 LEGACY GEO POINT DESC: ORE BODY,,1
1000622,1908.0,10417.0,GOOD,LOCATION ONLY,"OR, CURRY/OR, JACKSON/OR, JOSEPHINE",NO,NO,COMPLETE,09/27/2019 14:54:03,222247,42.21981,-123.74941,HIGH CONFIDENCE,MOOD,00-00000,UNKNOWN,"QUARTZ, PYRITES",MINE CENTER,,COORDINATES FOUND BY GEOREFERENCING MINE MAP. COMMODITY FOUND ON MINERAL RESOURCES OF SOUTHWESTERN OREGON REPORT,,1
1000622,1908.0,10417.0,GOOD,LOCATION ONLY,"OR, CURRY/OR, JACKSON/OR, JOSEPHINE",NO,NO,COMPLETE,09/27/2019 14:54:03,222254,42.19533,-123.71295,HIGH CONFIDENCE,ALTA,00-00000,UNKNOWN,"PYRITES, QUARTZ",MINE CENTER,,COORDINATES FOUND BY GEOREFERENCING MINE MAP. COMMODITY FOUND FROM MINERAL RESOURCES OF SOUTHWESTERN OREGON REPORT,,1
1000622,1908.0,10417.0,GOOD,LOCATION ONLY,"OR, CURRY/OR, JACKSON/OR, JOSEPHINE",NO,NO,COMPLETE,09/27/2019 14:54:03,222278,42.25337,-123.67231,HIGH CONFIDENCE,"ANDERSON, HOLLIDAY",00-00000,UNKNOWN,"GOLD, QUARTZ, PYRITES, GALENA, COPPER",MINE CENTER,,COORDINATES FOUND BY GEOREFERENCING THE MINE MAP. COMMODITY FOUND FROM MINERAL RESOURCES OF SOUTHWESTERN OREGON REPORT,,1
1000622,1908.0,10417.0,GOOD,LOCATION ONLY,"OR, CURRY/OR, JACKSON/OR, JOSEPHINE",NO,NO,COMPLETE,09/27/2019 14:54:03,222493,42.2442,-123.74372,HIGH CONFIDENCE,CHATTY,00-00000,UNKNOWN,"GOLD, QUARTZ, PYRITES",MINE CENTER,,COORDINATES FOUND BY GEOREFERENCING MINE MAP.  COMMODITY FOUND ON MINERAL RESOURCES OF SOUTH WESTERN OREGON.,,1
1000622,1908.0,10417.0,GOOD,LOCATION ONLY,"OR, CURRY/OR, JACKSON/OR, JOSEPHINE",NO,NO,COMPLETE,09/27/2019 14:54:03,222500,42.34416,-123.74994,HIGH CONFIDENCE,EUREKA,00-00000,UNKNOWN,"GREENSTONE, QUARTZ",MINE CENTER,,COORDINATES FOUND BY GEOREFERENCING MINE MAP.  COMMODITY FOUND ON MINERAL RESOURCES OF SOUTHWESTERN OREGON REPORT,,1
1000622,1908.0,10417.0,GOOD,LOCATION ONLY,"OR, CURRY/OR, JACKSON/OR, JOSEPHINE",NO,NO,COMPLETE,09/27/2019 14:54:03,222610,42.05264,-123.65318,HIGH CONFIDENCE,DAISY,00-00000,MORTON LINDLEY,"GOLD, QUARTZ, PYRITES, GREENSTONE",MINE CENTER,,COORDINATES FOUND BY GEOREFERENCING MINE MAP. COMMODITY FOUND ON MINERAL RESOURCES OF SOUTHWESTERN OREGON REPORT,,1
1000622,1908.0,10417.0,GOOD,LOCATION ONLY,"OR, CURRY/OR, JACKSON/OR, JOSEPHINE",NO,NO,COMPLETE,09/27/2019 14:54:03,222498,42.28838,-123.75408,HIGH CONFIDENCE,BLACK BEAR,00-00000,UNKNOWN,"GREENSTONE, QUARTZ, PYRITES",MINE CENTER,,COORDINATES FOUND BY GEOREFERENCING MINE MAP.  COMMODITY FOUND ON MINERAL RESOURCES OF SOUTHWESTERN OREGON REPORT,,1
1000622,1908.0,10417.0,GOOD,LOCATION ONLY,"OR, CURRY/OR, JACKSON/OR, JOSEPHINE",NO,NO,COMPLETE,09/27/2019 14:54:03,222588,42.45717,-123.82241,HIGH CONFIDENCE,OLD GLORY,00-00000,OLD GLORY GOLD MINING CO,"GOLD, QUARTZ, COPPER",MINE CENTER,,COORDINATES FOUND BY GEOREFERENCING MINE MAP. COMPANY NAME AND COMMODITY FOUND ON MINERAL RESOURCES OF SOUTHWESTERN OREGON. ,,1
1000622,1908.0,10417.0,GOOD,LOCATION ONLY,"OR, CURRY/OR, JACKSON/OR, JOSEPHINE",NO,NO,COMPLETE,09/27/2019 14:54:03,222593,42.4112,-123.57983,HIGH CONFIDENCE,BUCKEYE,00-00000,UNKNOWN,"GREENSTONE, QUARTZ, PYRITES, GOLD",MINE CENTER,,COORDINATES FOUND BY GEOREFERENCING MINE MAP.  COMMODITY FOUND ON MINERAL RESOURCES OF SOUTHWESTERN OREGON REPORT,,1
1000622,1908.0,10417.0,GOOD,LOCATION ONLY,"OR, CURRY/OR, JACKSON/OR, JOSEPHINE",NO,NO,COMPLETE,09/27/2019 14:54:03,222688,42.12774,-123.47995,HIGH CONFIDENCE,GEM QUARTZ,00-00000,UNKNOWN,"GOLD, QUARTZ",MINE CENTER,,COORDINATES LOCATED BY GEOREFERENCING MINE MAP. COMMODITY FOUND FROM MASMILS SEQUENCE NUMBER 0410330389,,1
1000645,0.0,200.0,GOOD,UNDERGROUND ONLY,"OR, UNKNOWN",NO,NO,COMPLETE,09/27/2019 14:54:24,224189,43.9355,-120.552,LOW CONFIDENCE,MITCHEL,00-00000,UNKNOWN,"GALENA, QUARTZ",CENTER POINT OF LARGE AREA,COMMODITY THICKNESS,"GEOPOINT CENTER OF OREGON. STATE INFERRED FROM MAP'S SOURCE, THE OREGON DEPARTMENT OF GEOLOGY AND MINERAL INDUSTRIES (DOGAMI).",,1
1000776,1949.0,100.0,GOOD,UNDERGROUND ONLY,"NV, LINCOLN",NO,NO,COMPLETE,09/27/2019 14:52:13,223481,37.90111,-114.47306,HIGH CONFIDENCE,"PRINCE, SILVER STOPE",00-00000,PRINCE CONSOLIDATED MINING CO,"ZINC, LEAD, SILVER, GOLD, MANGANESE, IRON, ALUMINUM, QUARTZ, SAND, LIMESTONE",MINE CENTER,"ASSAYS,COMMODITY ELEVATION,DRILL HOLES,CLAIMS OR SURFACE/MINERAL OWNERS",COORDINATES FROM MASMILS SEQUENCE NUMBER 0320170023.,,1
